{
  "Variables": [
    {
      "Name": "c1",
      "Value": 50.0,
      "Unit": "",
      "Imaginary": false,
      "Min": 10.0,
      "Max": 100.0
    },
    {
      "Name": "l1",
      "Value": 28.0,
      "Unit": "",
      "Imaginary": false,
      "Min": 10.0,
      "Max": 100.0
    },
    {
      "Name": "c2",
      "Value": 50.0,
      "Unit": "",
      "Imaginary": false,
      "Min": 10.0,
      "Max": 100.0
    },
    {
      "Name": "l2",
      "Value": 45.5,
      "Unit": "",
      "Imaginary": false,
      "Min": 10.0,
      "Max": 100.0
    },
    {
      "Name": "c3",
      "Value": 50.0,
      "Unit": "",
      "Imaginary": false,
      "Min": 10.0,
      "Max": 100.0
    },
    {
      "Name": "l3",
      "Value": 46.8,
      "Unit": "",
      "Imaginary": false,
      "Min": 10.0,
      "Max": 100.0
    }
  ],
  "Goals": [
    {
      "Name": "g0",
      "Response": "S-Parameter",
      "Series": "S11",
      "Condition": "<=",
      "GoalValue": -15.0,
      "CurveXValues": [],
      "CurveYValues": [],
      "CurveMapFilePath": "",
      "GoalType": null,
      "Weight": 1,
      "Min": 100000000.0,
      "Max": 450000000.0,
      "IsCurveMappingGoal": false
    },
    {
      "Name": "g1",
      "Response": "S-Parameter",
      "Series": "S21",
      "Condition": "<=",
      "GoalValue": -15.0,
      "CurveXValues": [],
      "CurveYValues": [],
      "CurveMapFilePath": "",
      "GoalType": null,
      "Weight": 1,
      "Min": 10000000.0,
      "Max": 79000000.0,
      "IsCurveMappingGoal": false
    },
    {
      "Name": "g2",
      "Response": "S-Parameter",
      "Series": "S21",
      "Condition": "<=",
      "GoalValue": -15.0,
      "CurveXValues": [],
      "CurveYValues": [],
      "CurveMapFilePath": "",
      "GoalType": null,
      "Weight": 1,
      "Min": 554000000.0,
      "Max": 1000000000.0,
      "IsCurveMappingGoal": false
    }
  ]
}