{"Variables": [{"Name": "TL1.Z", "Value": 53.0, "Unit": "\u03a9", "Imaginary": false, "Min": 53.0, "Max": 54.0}, {"Name": "TL2.Z", "Value": 53.0, "Unit": "\u03a9", "Imaginary": false, "Min": 53.0, "Max": 54.0}, {"Name": "TL3.Z", "Value": 19.0, "Unit": "\u03a9", "Imaginary": false, "Min": 18.0, "Max": 21.0}, {"Name": "TL4.Z", "Value": 19.0, "Unit": "\u03a9", "Imaginary": false, "Min": 18.0, "Max": 21.0}, {"Name": "Z5", "Value": 37.0, "Unit": "", "Imaginary": false, "Min": 37.0, "Max": 38.0}, {"Name": "TL6.Z", "Value": 37.0, "Unit": "\u03a9", "Imaginary": false, "Min": 37.0, "Max": 38.0}, {"Name": "Z7", "Value": 30.0, "Unit": "", "Imaginary": false, "Min": 30.0, "Max": 33.0}], "Goals": [{"Name": "g0", "Response": "S-Parameter", "Series": "S11", "Condition": "<=", "GoalValue": -19.0, "CurveXValues": [], "CurveYValues": [], "CurveMapFilePath": "", "GoalType": null, "Weight": 1, "Min": 1420000000.0, "Max": 2570000000.0, "IsCurveMappingGoal": false}, {"Name": "g1", "Response": "S-Parameter", "Series": "S21", "Condition": "<=", "GoalValue": -14.0, "CurveXValues": [], "CurveYValues": [], "CurveMapFilePath": "", "GoalType": null, "Weight": 1, "Min": 500000000.0, "Max": 1000000000.0, "IsCurveMappingGoal": false}, {"Name": "g2", "Response": "S-Parameter", "Series": "S21", "Condition": "<=", "GoalValue": -14.0, "CurveXValues": [], "CurveYValues": [], "CurveMapFilePath": "", "GoalType": null, "Weight": 1, "Min": 3000000000.0, "Max": 3500000000.0, "IsCurveMappingGoal": false}], "Optimizer": {"Evaluations": 1000, "Tolerance": 0, "Surrogate": false, "Multiprocessing": true, "IsMultiProcessingEnabled": true, "HasDoe": false, "Cores": 8, "ModelNet": 32}, "AppEnvironment": {"env_name": "EDSHF", "app_name": "Filpal EDS HF", "reg_name": "Filpal EDS HF 2.0", "app_main_dir": "C:\\Program Files (x86)\\Filpal\\EDS HF", "app_version": null, "process_name": "HF.exe", "ifuncs_exec": "PythonSubprocess", "file_extension": [".fpx"], "exec_path": "C:\\Users\\alven\\Desktop\\Aiora\\dev\\aiora-ui\\Aiora\\bin\\Debug\\net472\\Aiora.Engine/common/python39/python.exe", "is_close_design_enabled": false, "is_quit_env_enabled": false}, "Design": {"project": {"2p-IDFBroad": {"ProjectPath": "C:\\Users\\alven\\Desktop\\Aiora\\Aiora sample\\EDS HF\\2p-IDFBroad", "Designs": [], "ActiveDesign": "2p-IDFBroad"}}, "design_main_dir": "C:\\Users\\alven\\Desktop\\Aiora\\Aiora sample\\EDS HF\\2p-IDFBroad", "design_name": "2p-IDFBroad", "design_path": "C:\\Users\\alven\\Desktop\\Aiora\\Aiora sample\\EDS HF\\2p-IDFBroad\\2p-IDFBroad.fpx", "active_project": "2p-IDFBroad", "active_design": "2p-IDFBroad", "file_extension": ".fpx", "simulation": {"n_port": 2, "types": ["SParameter", "RadiationPattern2D", "Standard"], "active_type": null, "project": {"designs": null, "active_design": null}, "simulation_result": {"template": {"Response1": {"Name": "S-Parameter", "XLabel": "Frequency", "YLabel": "S", "XUnit": "Hz", "Type": "SParameter", "Series": {"Series1": {"Name": "S11", "DataYUnit": "", "DataYFunc": "dB"}, "Series2": {"Name": "S12", "DataYUnit": "", "DataYFunc": "dB"}, "Series3": {"Name": "S21", "DataYUnit": "", "DataYFunc": "dB"}, "Series4": {"Name": "S22", "DataYUnit": "", "DataYFunc": "dB"}}}}, "query_data_map": {}, "response_series_map": {"Response": {"S-Parameter": "Response1"}, "Series": {"S11": "Series1", "S12": "Series2", "S21": "Series3", "S22": "Series4"}}}, "preset": {}, "extras": null}, "optimizer_main_dir": "C:\\Users\\alven\\Desktop\\Aiora\\Aiora sample\\EDS HF\\2p-IDFBroad\\2p-IDFBroad.optimizer"}, "EnvironmentID": "optimenv-v1", "OptimizerMode": "inference"}