{
  "Variables": [
    {
      "Name": "Z12",
      "Value": 0.8,
      "Unit": "",
      "Imaginary": false,
      "Min": 0.7,
      "Max": 1.0
    }, {
      "Name": "ZS2",
      "Value": 1.5,
      "Unit": "",
      "Imaginary": false,
      "Min": 1.2,
      "Max": 1.7
    }, {
      "Name": "ZS3",
      "Value": 1.2,
      "Unit": "",
      "Imaginary": false,
      "Min": 1.0,
      "Max": 1.5
    }, {
      "Name": "Z34",
      "Value": 1.2,
      "Unit": "",
      "Imaginary": false,
      "Min": 1.2,
      "Max": 1.8
    }, {
      "Name": "Z45",
      "Value": 1.6,
      "Unit": "",
      "Imaginary": false,
      "Min": 1.5,
      "Max": 2.0
    }, {
      "Name": "Z56",
      "Value": 1.8,
      "Unit": "",
      "Imaginary": false,
      "Min": 1.5,
      "Max": 2.0
    }, {
      "Name": "Z67",
      "Value": 1.8,
      "Unit": "",
      "Imaginary": false,
      "Min": 1.5,
      "Max": 2.0
    }, {
      "Name": "Z78",
      "Value": 1.2,
      "Unit": "",
      "Imaginary": false,
      "Min": 1.0,
      "Max": 1.5
    }, {
      "Name": "ZL8",
      "Value": 0.8,
      "Unit": "",
      "Imaginary": false,
      "Min": 0.5,
      "Max": 1.0
    }
  ],
  "Goals": [
    {
      "Name": "g0",
      "Response": "S-Parameter",
      "Series": "S11",
      "Condition": "<=",
      "GoalValue": -18.0,
      "CurveXValues": [],
      "CurveYValues": [],
      "CurveMapFilePath": "",
      "Weight": 1,
      "Min": 1429000000.0,
      "Max": 1512000000.0,
      "IsCurveMappingGoal": false
    }, {
      "Name": "g1",
      "Response": "S-Parameter",
      "Series": "S21",
      "Condition": "<=",
      "GoalValue": -25.0,
      "CurveXValues": [],
      "CurveYValues": [],
      "CurveMapFilePath": "",
      "Weight": 1,
      "Min": 1300000000.0,
      "Max": 1420000000.0,
      "IsCurveMappingGoal": false
    }, {
      "Name": "g2",
      "Response": "S-Parameter",
      "Series": "S21",
      "Condition": "<=",
      "GoalValue": -25.0,
      "CurveXValues": [],
      "CurveYValues": [],
      "CurveMapFilePath": "",
      "Weight": 1,
      "Min": 1520000000.0,
      "Max": 1650000000.0,
      "IsCurveMappingGoal": false
    }
  ],
  "Optimizer": {
    "Evaluations": 1000,
    "Surrogate": false,
    "Multiprocessing": true,
    "IsMultiProcessingEnabled": true,
    "HasDoe": true,
    "Cores": 8,
    "ModelNet": 32
  },
  "OptimizerMode": "inference"
}